student_id,first_name,last_name,promotion_id,td_group_id,tp_group_id
E00001,Emna,Naifar,1,2,3
E00002,Mehdi,Saidi,1,2,3
E00003,Hatem,Naifar,1,2,3
E00004,Mariem,Hlaoui,1,2,3
E00005,Bilel,Karray,1,2,3
E00006,Amine,Werghi,1,2,3
E00007,Leila,Werghi,1,2,3
E00008,Marwen,Guesmi,1,2,3
E00009,Nadia,Mejri,1,2,3
E00010,Leila,Hammami,1,2,3
E00011,Emna,Chaabane,1,2,3
E00012,Mariem,Ben Salah,1,2,3
E00013,Bilel,Gabsi,1,2,3
E00014,Amira,Gabsi,1,2,3
E00015,Youssef,Rahmouni,1,2,3
E00016,Maha,Rahmouni,1,2,4
E00017,Aymen,Naifar,1,2,4
E00018,Wassim,Zouari,1,2,4
E00019,Olfa,Chaabane,1,2,4
E00020,Marwen,Hlaoui,1,2,4
E00021,Amine,Naifar,1,2,4
E00022,Skander,Fakhfakh,1,2,4
E00023,Sonia,Mansour,1,2,4
E00024,Olfa,Kacem,1,2,4
E00025,Nour,Ferchichi,1,2,4
E00026,Nour,Loukil,1,2,4
E00027,Rania,Jelassi,1,2,4
E00028,Sana,Bouazizi,1,2,4
E00029,Marwen,Hamdi,1,2,4
E00030,Nabil,Toumi,1,2,4
E00031,Zied,Karray,1,5,6
E00032,Slim,Dridi,1,5,6
E00033,Ikram,Naifar,1,5,6
E00034,Emna,Rekik,1,5,6
E00035,Marwen,Sassi,1,5,6
E00036,Maha,Tlili,1,5,6
E00037,Firas,Selmi,1,5,6
E00038,Olfa,Cherni,1,5,6
E00039,Ikram,Cherni,1,5,6
E00040,Leila,Belhadj,1,5,6
E00041,Fares,Bouazizi,1,5,6
E00042,Rim,Trabelsi,1,5,6
E00043,Yosra,Karray,1,5,6
E00044,Fares,Msakni,1,5,6
E00045,Fares,Ben Salah,1,5,6
E00046,Mehdi,Rahmouni,1,5,7
E00047,Ines,Ayari,1,5,7
E00048,Mehdi,Gharbi,1,5,7
E00049,Rim,Bouazizi,1,5,7
E00050,Aymen,Belhadj,1,5,7
E00051,Sarra,Toumi,1,5,7
E00052,Sana,Rekik,1,5,7
E00053,Marwen,Hamdi,1,5,7
E00054,Oussama,Loukil,1,5,7
E00055,Zied,Belhadj,1,5,7
E00056,Zied,Ammar,1,5,7
E00057,Wassim,Khelifi,1,5,7
E00058,Youssef,Toumi,1,5,7
E00059,Emna,Ouni,1,5,7
E00060,Emna,Ammar,1,5,7
E00061,Mariem,Ferchichi,1,8,9
E00062,Roua,Selmi,1,8,9
E00063,Nadia,Khelifi,1,8,9
E00064,Ines,Tlili,1,8,9
E00065,Rim,Khelifi,1,8,9
E00066,Nour,Sassi,1,8,9
E00067,Wassim,Jaziri,1,8,9
E00068,Wael,Hamdi,1,8,9
E00069,Emna,Nasri,1,8,9
E00070,Sarra,Douik,1,8,9
E00071,Nour,Bouazizi,1,8,9
E00072,Wael,Karray,1,8,9
E00073,Youssef,Ferchichi,1,8,9
E00074,Nadia,Jaziri,1,8,9
E00075,Amine,Jelassi,1,8,9
E00076,Nour,Chaabane,1,8,10
E00077,Ghazi,Fakhfakh,1,8,10
E00078,Zied,Rekik,1,8,10
E00079,Asma,Ferchichi,1,8,10
E00080,Slim,Saidi,1,8,10
E00081,Amine,Saidi,1,8,10
E00082,Bilel,Douik,1,8,10
E00083,Anis,Baccouche,1,8,10
E00084,Sabrine,Toumi,1,8,10
E00085,Sana,Zouari,1,8,10
E00086,Wassim,Hammami,1,8,10
E00087,Dorra,Ferchichi,1,8,10
E00088,Yosra,Jaziri,1,8,10
E00089,Ines,Laabidi,1,8,10
E00090,Ines,Ferchichi,1,8,10
E00091,Yosra,Essid,1,11,12
E00092,Aymen,Hlaoui,1,11,12
E00093,Slim,Ferchichi,1,11,12
E00094,Aymen,Jelassi,1,11,12
E00095,Amira,Bouazizi,1,11,12
E00096,Hamza,Bouazizi,1,11,12
E00097,Roua,Belhadj,1,11,12
E00098,Asma,Mansour,1,11,12
E00099,Oussama,Belhadj,1,11,12
E00100,Yosra,Naifar,1,11,12
E00101,Karim,Oueslati,1,11,12
E00102,Rania,Ammar,1,11,12
E00103,Firas,Msakni,1,11,12
E00104,Oussama,Hlaoui,1,11,12
E00105,Skander,Dridi,1,11,12
E00106,Dorra,Toumi,1,11,13
E00107,Skander,Belhadj,1,11,13
E00108,Bilel,Tlili,1,11,13
E00109,Nabil,Toumi,1,11,13
E00110,Nadia,Kacem,1,11,13
E00111,Mariem,Laabidi,1,11,13
E00112,Mehdi,Ben Salah,1,11,13
E00113,Mariem,Oueslati,1,11,13
E00114,Oussama,Khelifi,1,11,13
E00115,Mehdi,Jaziri,1,11,13
E00116,Dorra,Gabsi,1,11,13
E00117,Bilel,Hamdi,1,11,13
E00118,Tarek,Bouazizi,1,11,13
E00119,Nour,Riahi,1,11,13
E00120,Anis,Chaabane,1,11,13
E00121,Wael,Jaziri,2,15,16
E00122,Maha,Oueslati,2,15,16
E00123,Nadia,Hlaoui,2,15,16
E00124,Amine,Toumi,2,15,16
E00125,Sabrine,Kacem,2,15,16
E00126,Firas,Khelifi,2,15,16
E00127,Nabil,Dridi,2,15,16
E00128,Leila,Khelifi,2,15,16
E00129,Sabrine,Zouari,2,15,16
E00130,Sarra,Hammami,2,15,16
E00131,Hamza,Rekik,2,15,16
E00132,Rim,Rekik,2,15,16
E00133,Roua,Rahmouni,2,15,16
E00134,Bilel,Gabsi,2,15,16
E00135,Sana,Dridi,2,15,16
E00136,Ines,Jelassi,2,15,17
E00137,Chaker,Baccouche,2,15,17
E00138,Sarra,Gharbi,2,15,17
E00139,Amine,Mejri,2,15,17
E00140,Nabil,Rahmouni,2,15,17
E00141,Bilel,Chaabane,2,15,17
E00142,Wael,Karray,2,15,17
E00143,Emna,Karray,2,15,17
E00144,Amine,Mansour,2,15,17
E00145,Mehdi,Zouari,2,15,17
E00146,Marwen,Gharbi,2,15,17
E00147,Olfa,Msakni,2,15,17
E00148,Sabrine,Zouari,2,15,17
E00149,Emna,Hamdi,2,15,17
E00150,Karim,Kacem,2,15,17
E00151,Olfa,Gharbi,2,18,19
E00152,Tarek,Rekik,2,18,19
E00153,Roua,Belhadj,2,18,19
E00154,Firas,Khelifi,2,18,19
E00155,Tarek,Karray,2,18,19
E00156,Ghazi,Oueslati,2,18,19
E00157,Hela,Belhadj,2,18,19
E00158,Slim,Nasri,2,18,19
E00159,Ghazi,Trabelsi,2,18,19
E00160,Amira,Mejri,2,18,19
E00161,Ghazi,Toumi,2,18,19
E00162,Nour,Guesmi,2,18,19
E00163,Slim,Khelifi,2,18,19
E00164,Hatem,Gharbi,2,18,19
E00165,Zied,Ayari,2,18,19
E00166,Wassim,Douik,2,18,20
E00167,Tarek,Kacem,2,18,20
E00168,Fares,Ayari,2,18,20
E00169,Sonia,Toumi,2,18,20
E00170,Wassim,Tlili,2,18,20
E00171,Rim,Guesmi,2,18,20
E00172,Mehdi,Guesmi,2,18,20
E00173,Tarek,Selmi,2,18,20
E00174,Aymen,Tlili,2,18,20
E00175,Roua,Jaziri,2,18,20
E00176,Rim,Trabelsi,2,18,20
E00177,Leila,Dridi,2,18,20
E00178,Amira,Msakni,2,18,20
E00179,Bilel,Gharbi,2,18,20
E00180,Youssef,Naifar,2,18,20
E00181,Emna,Ouni,2,21,22
E00182,Skander,Baccouche,2,21,22
E00183,Hamza,Gabsi,2,21,22
E00184,Leila,Saidi,2,21,22
E00185,Oussama,Sassi,2,21,22
E00186,Bilel,Gharbi,2,21,22
E00187,Emna,Ben Salah,2,21,22
E00188,Ikram,Jaziri,2,21,22
E00189,Roua,Toumi,2,21,22
E00190,Wassim,Riahi,2,21,22
E00191,Emna,Bouazizi,2,21,22
E00192,Firas,Mejri,2,21,22
E00193,Feriel,Laabidi,2,21,22
E00194,Firas,Mansour,2,21,22
E00195,Maha,Gabsi,2,21,22
E00196,Maha,Toumi,2,21,23
E00197,Ghazi,Laabidi,2,21,23
E00198,Asma,Hammami,2,21,23
E00199,Sabrine,Hamdi,2,21,23
E00200,Wassim,Ammar,2,21,23
E00201,Firas,Saidi,2,21,23
E00202,Roua,Nasri,2,21,23
E00203,Feriel,Loukil,2,21,23
E00204,Maha,Tlili,2,21,23
E00205,Sabrine,Ben Salah,2,21,23
E00206,Maha,Hammami,2,21,23
E00207,Dorra,Baccouche,2,21,23
E00208,Yosra,Naifar,2,21,23
E00209,Nadia,Laabidi,2,21,23
E00210,Mariem,Cherni,2,21,23
E00211,Wael,Werghi,3,25,26
E00212,Dorra,Gabsi,3,25,26
E00213,Zied,Chaabane,3,25,26
E00214,Firas,Jelassi,3,25,26
E00215,Anis,Gabsi,3,25,26
E00216,Firas,Rahmouni,3,25,26
E00217,Feriel,Mejri,3,25,26
E00218,Rania,Belhadj,3,25,26
E00219,Roua,Kacem,3,25,26
E00220,Fares,Sassi,3,25,26
E00221,Hela,Trabelsi,3,25,26
E00222,Karim,Belhadj,3,25,26
E00223,Zied,Oueslati,3,25,26
E00224,Mehdi,Douik,3,25,26
E00225,Ghazi,Rahmouni,3,25,26
E00226,Oussama,Sassi,3,25,26
E00227,Hatem,Fakhfakh,3,25,26
E00228,Asma,Belhadj,3,25,26
E00229,Hela,Selmi,3,25,27
E00230,Amine,Khelifi,3,25,27
E00231,Emna,Ayari,3,25,27
E00232,Amira,Hlaoui,3,25,27
E00233,Mariem,Ferchichi,3,25,27
E00234,Sabrine,Belhadj,3,25,27
E00235,Leila,Douik,3,25,27
E00236,Nabil,Douik,3,25,27
E00237,Firas,Hlaoui,3,25,27
E00238,Sabrine,Naifar,3,25,27
E00239,Skander,Cherni,3,25,27
E00240,Feriel,Gabsi,3,25,27
E00241,Emna,Karray,3,25,27
E00242,Wael,Chaabane,3,25,27
E00243,Zied,Cherni,3,25,27
E00244,Bilel,Belhadj,3,25,27
E00245,Chaker,Guesmi,3,25,27
E00246,Ikram,Fakhfakh,3,28,29
E00247,Chaker,Belhadj,3,28,29
E00248,Sarra,Cherni,3,28,29
E00249,Mehdi,Hammami,3,28,29
E00250,Nour,Guesmi,3,28,29
E00251,Rim,Laabidi,3,28,29
E00252,Marwen,Jelassi,3,28,29
E00253,Nabil,Zouari,3,28,29
E00254,Fares,Saidi,3,28,29
E00255,Hela,Rekik,3,28,29
E00256,Mehdi,Ammar,3,28,29
E00257,Ghazi,Mejri,3,28,29
E00258,Marwen,Douik,3,28,29
E00259,Ghazi,Ferchichi,3,28,29
E00260,Dorra,Ammar,3,28,29
E00261,Hatem,Msakni,3,28,29
E00262,Sonia,Loukil,3,28,29
E00263,Hatem,Essid,3,28,29
E00264,Amine,Ouni,3,28,30
E00265,Maha,Saidi,3,28,30
E00266,Ghazi,Jaziri,3,28,30
E00267,Marwen,Naifar,3,28,30
E00268,Fares,Fakhfakh,3,28,30
E00269,Fares,Guesmi,3,28,30
E00270,Emna,Fakhfakh,3,28,30
E00271,Sonia,Saidi,3,28,30
E00272,Rim,Toumi,3,28,30
E00273,Roua,Tlili,3,28,30
E00274,Slim,Douik,3,28,30
E00275,Nabil,Oueslati,3,28,30
E00276,Marwen,Trabelsi,3,28,30
E00277,Asma,Msakni,3,28,30
E00278,Oussama,Toumi,3,28,30
E00279,Sonia,Jelassi,3,28,30
E00280,Nadia,Baccouche,3,28,30
E00281,Nabil,Douik,4,32,33
E00282,Amira,Ferchichi,4,32,33
E00283,Bilel,Saidi,4,32,33
E00284,Skander,Rekik,4,32,33
E00285,Mariem,Laabidi,4,32,33
E00286,Rim,Saidi,4,32,33
E00287,Sarra,Ammar,4,32,33
E00288,Bilel,Jelassi,4,32,33
E00289,Zied,Trabelsi,4,32,33
E00290,Marwen,Ferchichi,4,32,33
E00291,Tarek,Ayari,4,32,33
E00292,Nadia,Bouazizi,4,32,33
E00293,Nadia,Gharbi,4,32,33
E00294,Sonia,Belhadj,4,32,33
E00295,Wassim,Trabelsi,4,32,33
E00296,Feriel,Zouari,4,32,34
E00297,Nour,Hamdi,4,32,34
E00298,Zied,Toumi,4,32,34
E00299,Leila,Loukil,4,32,34
E00300,Dorra,Douik,4,32,34
E00301,Bilel,Riahi,4,32,34
E00302,Slim,Naifar,4,32,34
E00303,Hamza,Mansour,4,32,34
E00304,Slim,Kacem,4,32,34
E00305,Youssef,Msakni,4,32,34
E00306,Sonia,Kacem,4,32,34
E00307,Oussama,Werghi,4,32,34
E00308,Hatem,Tlili,4,32,34
E00309,Wassim,Bouazizi,4,32,34
E00310,Yosra,Rahmouni,4,32,34
E00311,Nour,Khelifi,4,35,36
E00312,Maha,Werghi,4,35,36
E00313,Hamza,Mansour,4,35,36
E00314,Oussama,Gharbi,4,35,36
E00315,Tarek,Jaziri,4,35,36
E00316,Emna,Toumi,4,35,36
E00317,Olfa,Bouazizi,4,35,36
E00318,Aymen,Selmi,4,35,36
E00319,Rim,Ben Salah,4,35,36
E00320,Ghazi,Fakhfakh,4,35,36
E00321,Youssef,Baccouche,4,35,36
E00322,Olfa,Rahmouni,4,35,36
E00323,Mariem,Zouari,4,35,36
E00324,Emna,Nasri,4,35,36
E00325,Ikram,Selmi,4,35,36
E00326,Sarra,Oueslati,4,35,37
E00327,Marwen,Essid,4,35,37
E00328,Mariem,Baccouche,4,35,37
E00329,Yosra,Guesmi,4,35,37
E00330,Skander,Belhadj,4,35,37
E00331,Rania,Guesmi,4,35,37
E00332,Wael,Belhadj,4,35,37
E00333,Mariem,Loukil,4,35,37
E00334,Feriel,Toumi,4,35,37
E00335,Hatem,Mejri,4,35,37
E00336,Sonia,Fakhfakh,4,35,37
E00337,Skander,Nasri,4,35,37
E00338,Sana,Rekik,4,35,37
E00339,Tarek,Dridi,4,35,37
E00340,Rim,Guesmi,4,35,37
E00341,Hamza,Guesmi,5,39,40
E00342,Sabrine,Ben Salah,5,39,40
E00343,Ikram,Sassi,5,39,40
E00344,Rania,Belhadj,5,39,40
E00345,Ghazi,Fakhfakh,5,39,40
E00346,Sabrine,Belhadj,5,39,40
E00347,Zied,Selmi,5,39,40
E00348,Sana,Cherni,5,39,40
E00349,Sonia,Jelassi,5,39,40
E00350,Anis,Ayari,5,39,40
E00351,Asma,Belhadj,5,39,40
E00352,Maha,Toumi,5,39,40
E00353,Yosra,Riahi,5,39,41
E00354,Zied,Karray,5,39,41
E00355,Ikram,Ouni,5,39,41
E00356,Emna,Karray,5,39,41
E00357,Rim,Ouni,5,39,41
E00358,Mariem,Guesmi,5,39,41
E00359,Maha,Dridi,5,39,41
E00360,Fares,Mansour,5,39,41
E00361,Wassim,Laabidi,5,39,41
E00362,Leila,Jaziri,5,39,41
E00363,Amira,Sassi,5,39,41
E00364,Dorra,Essid,5,42,43
E00365,Sarra,Msakni,5,42,43
E00366,Ikram,Naifar,5,42,43
E00367,Anis,Khelifi,5,42,43
E00368,Wassim,Hammami,5,42,43
E00369,Fares,Riahi,5,42,43
E00370,Amira,Kacem,5,42,43
E00371,Amine,Jaziri,5,42,43
E00372,Nabil,Guesmi,5,42,43
E00373,Karim,Ferchichi,5,42,43
E00374,Sabrine,Hammami,5,42,43
E00375,Nabil,Rahmouni,5,42,44
E00376,Sana,Khelifi,5,42,44
E00377,Amine,Loukil,5,42,44
E00378,Anis,Essid,5,42,44
E00379,Zied,Cherni,5,42,44
E00380,Rim,Nasri,5,42,44
E00381,Ines,Dridi,5,42,44
E00382,Zied,Mansour,5,42,44
E00383,Mehdi,Tlili,5,42,44
E00384,Sana,Bouazizi,5,42,44
E00385,Oussama,Rahmouni,5,42,44
E00386,Roua,Ferchichi,6,46,47
E00387,Hela,Zouari,6,46,47
E00388,Oussama,Kacem,6,46,47
E00389,Rania,Belhadj,6,46,47
E00390,Leila,Karray,6,46,47
E00391,Ghazi,Naifar,6,46,47
E00392,Hamza,Oueslati,6,46,47
E00393,Fares,Hlaoui,6,46,47
E00394,Hatem,Cherni,6,46,47
E00395,Wael,Kacem,6,46,47
E00396,Yosra,Baccouche,6,46,48
E00397,Maha,Loukil,6,46,48
E00398,Feriel,Ferchichi,6,46,48
E00399,Feriel,Khelifi,6,46,48
E00400,Dorra,Rahmouni,6,46,48
E00401,Dorra,Dridi,6,46,48
E00402,Firas,Jelassi,6,46,48
E00403,Slim,Belhadj,6,46,48
E00404,Amira,Karray,6,46,48
E00405,Mehdi,Chaabane,6,46,48
E00406,Amine,Ammar,6,49,50
E00407,Wael,Naifar,6,49,50
E00408,Zied,Hammami,6,49,50
E00409,Karim,Ayari,6,49,50
E00410,Anis,Hammami,6,49,50
E00411,Mariem,Bouazizi,6,49,50
E00412,Roua,Ayari,6,49,50
E00413,Bilel,Rahmouni,6,49,50
E00414,Yosra,Toumi,6,49,50
E00415,Wassim,Baccouche,6,49,50
E00416,Leila,Jaziri,6,49,51
E00417,Fares,Selmi,6,49,51
E00418,Hela,Guesmi,6,49,51
E00419,Hela,Bouazizi,6,49,51
E00420,Ines,Chaabane,6,49,51
E00421,Maha,Naifar,6,49,51
E00422,Oussama,Hammami,6,49,51
E00423,Wael,Mansour,6,49,51
E00424,Mariem,Kacem,6,49,51
E00425,Asma,Guesmi,6,49,51
